username,name,sex,address,mail,birthdate,personality,id
donna52,Cindy Foley,F,"2558 Pamela Ville Johnchester, OR 33138",bergertiffany@gmail.com,1967-03-21,outgoing,0
stephaniewhite,Joseph Howell,M,USNV Bautista FPO AA 20211,royparks@yahoo.com,1926-10-07,sensitive,1
robinlamb,Maria Gomez,F,"615 Hannah Mountains West Darrenbury, VA 83793",nicole06@gmail.com,2013-10-31,sensitive,2
phillipssusan,Melissa Espinoza,F,"028 Huynh Mountain West Christopher, IN 45479",jonathan60@yahoo.com,1986-06-15,sensitive,3
martinezangela,Laura Potter,F,"7347 Cameron Rest West David, NE 92561",zleonard@yahoo.com,1945-10-29,friendly,4
april51,Adam Russell,M,Unit 8949 Box 9749 DPO AE 63077,bradleycruz@gmail.com,1929-07-24,friendly,5
wjohnson,Eric Martinez,M,"959 Michael Square East Garyfurt, WY 18131",cjohnson@hotmail.com,1954-06-04,curious,6
achambers,Miranda Young,F,"4061 Debbie Road Apt. 807 Mullinsfurt, MS 09681",diazsara@hotmail.com,2005-09-12,outgoing,7
smay,Alexis Guzman,F,"250 Parks Point Suite 735 Allenshire, KS 68075",dboyd@yahoo.com,2017-01-28,sensitive,8
michael22,Mr. Luke Hernandez DVM,M,"425 Elizabeth Branch Suite 259 South Janetfort, KY 04202",vickie79@hotmail.com,1921-08-05,organized,9
gsalinas,Benjamin Roberts,M,"16256 Claire Groves Suite 690 Morristown, ID 15639",dawn56@hotmail.com,1928-12-02,outgoing,10
jake82,Shane Vincent,M,"PSC 4986, Box 1353 APO AP 57620",kpope@gmail.com,2003-12-16,organized,11
ihoover,Janet Stewart,F,"051 Allison Inlet Lake Damonbury, MD 25942",alexandermiller@gmail.com,2002-05-20,sensitive,12
johnmitchell,Joshua Ramirez,M,"5735 Anita Station Apt. 427 Jonesberg, WY 80500",anthonystanley@yahoo.com,1963-11-01,curious,13
thomasjulie,Alexander Knox,M,Unit 3781 Box 4549 DPO AA 93996,deborah48@yahoo.com,1905-11-23,outgoing,14
solomonvanessa,David Kelly,M,"668 John Extension Apt. 456 Jonesside, MO 90486",thomas94@yahoo.com,1926-03-12,friendly,15
michaelmyers,Douglas Hahn,M,"6790 Golden Park Apt. 822 Charlesshire, LA 04618",phillipsjesse@hotmail.com,1926-01-26,friendly,16
anna23,Tonya Smith,F,"PSC 1373, Box 0507 APO AA 79185",brandon63@gmail.com,1998-10-03,friendly,17
martinsamantha,Joseph Nunez,M,"024 Shelia Drives Apt. 184 New Brianhaven, SC 41314",haleyyork@yahoo.com,1923-10-01,curious,18
ashley03,Kim Jacobson,F,"76902 Emily Mission Suite 334 Markmouth, OK 06234",jonesdaniel@hotmail.com,1928-01-10,curious,19
tylerallison,Jesus Santiago,M,"328 John Course Apt. 527 North Keithview, HI 32186",mark70@gmail.com,1920-06-27,sensitive,20
wmartinez,Raymond Parker MD,M,"1459 Molina View Larsonton, AL 14950",robertmitchell@hotmail.com,1939-04-05,outgoing,21
ashleyferguson,Karla Torres,F,"855 Miller Plaza Mckeemouth, IN 26691",christian32@yahoo.com,1947-05-20,sensitive,22
sosawayne,Jonathan Walker,M,"0652 Andrew Points Suite 388 Gomezview, LA 02853",abarnes@hotmail.com,2019-05-10,curious,23
hayessarah,Jenna Collins,F,"678 Benjamin Neck Apt. 641 Clarkburgh, MI 66021",reynoldschristine@hotmail.com,1969-12-06,outgoing,24
thomascynthia,Christopher Wagner,M,"3826 Briggs Creek Apt. 863 New Brendachester, IN 46326",rebeccamiles@gmail.com,1930-02-19,curious,25
vegaryan,Samantha Contreras,F,"6537 Smith Shore East Ronald, IL 92105",jamesvasquez@yahoo.com,2017-01-11,sensitive,26
timothymiller,Melissa Welch,F,"775 Gutierrez View Lake Tracy, DC 85788",ubradley@yahoo.com,1984-12-21,curious,27
jle,John Olson,M,"2843 Hatfield Viaduct Apt. 714 Derrickland, MT 15351",allisonmargaret@gmail.com,1981-11-15,outgoing,28
michael77,Johnny Perkins,M,"245 Rachel Well New Michael, TN 18927",mikewalker@gmail.com,1911-05-06,organized,29
qrodriguez,William Hampton,M,"641 Webb Lock Lopezland, TN 96889",gibsonnicole@yahoo.com,1991-02-03,organized,30
linda57,Ian Ayers,M,"295 Torres Pike Apt. 107 East Stephanie, VA 31687",annette83@hotmail.com,1974-08-12,organized,31
rogerwilson,Joseph Wilcox,M,"245 Anthony Islands Aprilport, OH 35707",grayandrea@hotmail.com,1926-01-16,friendly,32
millerjohn,Tricia Ellis,F,"86424 Day Course Apt. 617 Mathisbury, MT 28069",mherman@hotmail.com,1967-11-13,sensitive,33
hpetty,Nancy Gill,F,Unit 0358 Box 9770 DPO AE 14348,brittany96@hotmail.com,1937-02-03,curious,34
littleheather,Stephen Goodwin,M,"540 Neil Parks North Randy, IL 15722",stephanie30@yahoo.com,1916-06-04,organized,35
victoria39,Lisa Mitchell,F,"8786 Moore Underpass North Vickiburgh, IL 35923",drew28@gmail.com,1943-11-01,curious,36
ryan57,Christopher Young,M,"503 Anthony Junction Port Kaylee, RI 60535",katherine74@yahoo.com,1961-08-01,organized,37
donald12,Evan Stone MD,M,"0094 Johnson Knoll Suite 249 North Melissa, IL 35206",wnielsen@gmail.com,1973-01-31,sensitive,38
ashleymartin,Michael Gray,M,"78246 Amber Unions Rachelstad, SC 56899",bartondavid@yahoo.com,1917-08-11,sensitive,39
leejoseph,Melissa Burns,F,"109 Jessica Corner New Rodneyland, KS 15292",melaniemarquez@hotmail.com,1914-06-17,outgoing,40
linda56,Lindsay Woods,F,"657 Browning Manors Apt. 980 Port Williamchester, ND 57413",garycalderon@yahoo.com,1941-04-06,outgoing,41
thomas53,Phillip Bender,M,"0391 Mark Mill Zunigaland, OK 27407",martinezapril@gmail.com,1924-03-03,outgoing,42
obrown,Melissa Francis,F,"481 Robert Grove Apt. 732 Brownhaven, WY 06733",vbaker@yahoo.com,1914-12-19,organized,43
herringmary,Joshua Dunlap,M,"805 Sullivan Hollow Suite 431 Lake Scottport, MA 87574",cartersteven@yahoo.com,1927-10-21,friendly,44
williamsnicole,Eugene Diaz,M,"8403 Scott Pass Lake Seanborough, LA 14262",xreese@gmail.com,1963-03-08,organized,45
grobinson,Crystal Boyd,F,"751 Griffin Drive New Nicolasfurt, IA 90026",kbarnes@hotmail.com,1906-02-07,outgoing,46
justinlarson,Felicia Flores,F,"805 Tanya Gateway Snowmouth, NM 63879",emily44@hotmail.com,1965-05-03,curious,47
carrjodi,Jennifer Mason,F,"2523 Sherry Route West Derrickburgh, KS 98664",mejiacandace@hotmail.com,1962-08-22,organized,48
nathaniel66,Denise Williams,F,"01354 Lee Parkways Apt. 418 Stevenville, MI 19429",qaguilar@gmail.com,2017-11-16,organized,49
kristen00,Joseph Snyder,M,"92166 Finley Motorway Suite 144 Westchester, WA 64086",howardsamuel@hotmail.com,1980-05-05,outgoing,50
fjackson,Richard Brooks,M,"751 Matthews Gardens Suite 017 Caitlynburgh, VT 72461",cindy66@gmail.com,2010-04-18,friendly,51
marcusosborn,Richard Bowman,M,"PSC 6903, Box 9721 APO AA 49022",madison69@hotmail.com,1939-04-10,sensitive,52
shannon56,Timothy Campos,M,"404 Stephens Courts Whitemouth, DE 39125",ngardner@gmail.com,1915-01-05,organized,53
slawson,John Clark,M,"3929 Walls Trace Apt. 036 South Sarah, OR 79718",christopher96@hotmail.com,2004-10-05,outgoing,54
thamilton,Robert Perez,M,"884 Taylor Stravenue East Gabrielaborough, MO 52788",jritter@hotmail.com,1933-08-18,outgoing,55
jennifer09,John Mcdonald,M,"4903 Stephanie Run Suite 669 Lake Madison, DE 06802",paul12@yahoo.com,2006-05-07,sensitive,56
yvelasquez,Anna Porter,F,"735 Clark Inlet Apt. 335 Jonesview, AR 75805",emaldonado@hotmail.com,2017-10-21,sensitive,57
michellejohnson,Barbara Thomas,F,"832 Roy Lakes Lake Mary, MS 82837",danielramirez@yahoo.com,1962-03-01,sensitive,58
christina88,Sean Fields,M,"9965 Nicole Forks Suite 387 Williamtown, MT 53534",matthewestes@gmail.com,2018-04-04,outgoing,59
patricklarry,Paul Noble,M,"436 Ethan Harbors Suite 932 Lake Nicholas, AK 70595",bhinton@hotmail.com,1914-11-21,organized,60
pereztony,Kevin Richards,M,"9517 Jones Knolls Apt. 287 Amandaton, FL 21722",eugenejennings@yahoo.com,1948-06-21,organized,61
hendersonmichelle,George Spence,M,"08740 Heather Crescent Suite 641 West Sabrinaside, MN 33218",rodgersdavid@hotmail.com,2013-02-11,outgoing,62
linda62,Jody Brown,F,"1918 Nichols Mills Suite 922 Port Tony, WI 18508",sabrina52@hotmail.com,1995-02-05,curious,63
hcrawford,Bryan Scott DDS,M,"36493 Johnson Views Suite 077 North Marissastad, AR 61211",stephen23@gmail.com,1956-01-14,curious,64
adamhurley,Barry Simpson,M,"8994 Murray Gateway Apt. 107 Port Kathryn, IN 82885",zstokes@gmail.com,1949-09-18,organized,65
curtisjonathan,Paul Powell MD,M,"89626 Parker Fort West Michaelstad, DC 50975",ryanrichard@gmail.com,2012-05-12,friendly,66
juliecobb,Amber Walker,F,"9365 Marvin Point Suite 698 North Katherinechester, MT 43610",millerhaley@yahoo.com,1984-07-25,organized,67
mccartyjoanna,Kayla Reed,F,"84891 Ramos Trail West Charles, NC 97354",perrybilly@yahoo.com,1965-10-03,outgoing,68
ricealisha,Sharon Jackson,F,"5409 Cummings Port Port John, IN 87536",logan75@gmail.com,1966-10-25,organized,69
jbush,Anna Anderson,F,"24299 Ortega Pike West Bradleystad, OR 30598",moorejustin@gmail.com,1967-09-27,organized,70
harrismichael,Steven Johnson,M,"12118 Ricky Spurs Apt. 184 West Amber, NV 73512",velazqueztrevor@yahoo.com,1997-12-05,organized,71
nthomas,Donna Scott,F,"799 Mcmillan Branch Apt. 376 Port Caleb, TN 27394",jeffreygregory@gmail.com,1950-11-21,sensitive,72
chodges,Lance James,M,"72311 Brandon Light Suite 978 Lake Karen, DC 20203",whitesean@gmail.com,1914-08-29,outgoing,73
johnsonphilip,Dr. Danny Martin,M,"PSC 2494, Box 2591 APO AE 42747",dtorres@yahoo.com,1920-10-23,sensitive,74
qjones,Reginald Mckenzie,M,"511 Melissa Dale Lake Emily, UT 16326",janetgilbert@gmail.com,2006-09-07,outgoing,75
patricia08,Justin Schultz,M,"61972 Schaefer Port West Brittany, NY 57169",courtneymontoya@hotmail.com,1912-10-19,sensitive,76
johnsongregg,Kathy Holland,F,"15233 Cody Loop Apt. 185 Angelafort, RI 88982",farleybryan@gmail.com,1945-01-02,curious,77
gonzalezstacy,Mark Chapman,M,"62079 Eaton Valley Suite 002 Port Collinburgh, KY 83753",daniellestephenson@gmail.com,1933-07-16,outgoing,78
steinjillian,Donald Lamb,M,"3697 Michael Canyon Suite 656 Carterchester, MS 00838",kalvarez@hotmail.com,1922-03-18,outgoing,79
amanda02,Mary Brown,F,"69840 Johnson Ville Apt. 405 East Amanda, NV 94747",brett96@gmail.com,1933-03-30,outgoing,80
susanshaffer,Linda Lee,F,"0603 Jones Loop Apt. 396 Brettmouth, NH 81406",andrea84@gmail.com,1913-01-14,curious,81
codymurphy,Jeffrey Adams,M,"34751 Kelly Mews Apt. 358 West Markland, KS 83020",jeremy47@hotmail.com,1989-03-24,friendly,82
millermorgan,Christina Garcia,F,USNS Summers FPO AP 20606,vbarber@gmail.com,1973-09-13,curious,83
thomasdavid,Angela Flores,F,"836 Lucas Road Apt. 784 Brandonshire, MI 75841",spearstonya@gmail.com,1934-01-13,organized,84
keithtucker,Angela Arnold,F,"306 Romero Summit North Alexandrafurt, CT 58832",andrew76@gmail.com,1965-01-17,outgoing,85
kaylee37,Madeline Jennings,F,"837 Alex Well Apt. 150 West Brett, GA 26963",benjaminguerrero@gmail.com,2000-12-20,organized,86
kbishop,Bryan Duke,M,"125 Price Shoal Howellside, TX 95518",higginscheryl@yahoo.com,1968-08-07,organized,87
john36,Thomas Underwood,M,"PSC 5040, Box 8671 APO AA 37082",petermassey@hotmail.com,1966-07-27,outgoing,88
kerryjohnson,Stacy Carr,F,"2344 Laura Fort Apt. 251 New Christopher, CA 59863",richardsconnor@yahoo.com,1908-09-07,organized,89
curtislisa,Chad Gross,M,"9494 Holmes Plains Port Amandaview, MI 60809",matthewyoung@gmail.com,1917-07-08,sensitive,90
atran,Gregory Perez,M,"362 Roy Trail Suite 071 Darrenside, KS 23227",mark16@yahoo.com,1920-06-06,curious,91
stacey88,Felicia Carr,F,"98987 Damon Turnpike Heathermouth, NV 57981",cstone@hotmail.com,1993-03-12,sensitive,92
annafarrell,Jessica Hebert,F,"03477 Jacob Club Rachelland, NH 19583",savagealexis@yahoo.com,1908-12-12,friendly,93
woodkimberly,Robin Weiss,F,"1656 Robert Cove Carriebury, ND 97562",eevans@yahoo.com,1919-03-20,sensitive,94
thomasdaniel,Ronnie Mcguire,M,"07106 Scott Pines Apt. 484 Sheppardstad, OH 59577",michaelsmith@hotmail.com,1985-10-23,sensitive,95
angelicahernandez,Christina Scott,F,"42951 Thomas Field Apt. 923 West Miguelville, ND 90755",wsampson@gmail.com,1999-12-30,outgoing,96
jefferytran,Carla Garner,F,"09214 Ryan Ports Suite 832 South Jamesburgh, GA 97755",kevin60@yahoo.com,1912-02-25,friendly,97
francismichael,Jamie Patterson,F,"22482 Nichols Crossing North Anna, KY 74752",kellycastro@hotmail.com,2019-09-10,friendly,98
troy43,Ashley Krueger,F,"77003 Wilson Plains Suite 443 Williamsstad, MN 39346",tiffany96@gmail.com,1932-05-07,sensitive,99
heathergraves,Gabriel Morton,M,"779 Diane Crossing East Gerald, DC 67091",davisjim@yahoo.com,1939-07-30,curious,100
ipratt,Kathleen Weaver,F,"4401 Marisa Tunnel Jenniferburgh, MD 36562",patrickvillanueva@gmail.com,1975-10-28,outgoing,101
francisemily,Colleen Elliott,F,"25363 Amy Ways New Patrick, MT 95481",richardpowell@yahoo.com,1947-05-20,organized,102
whitetony,Lisa Mcconnell,F,"79206 Sellers Row New Steven, MT 83359",dgarrett@gmail.com,2009-06-01,friendly,103
tracy93,Alexandra Coffey,F,"23106 Riggs Valleys Port Timothyhaven, MA 38764",ztaylor@yahoo.com,2006-12-01,outgoing,104
robertarmstrong,Karina King,F,"966 Keith Forges Apt. 053 Mitchellhaven, OK 42626",joshuameyer@yahoo.com,1994-08-15,sensitive,105
kimberly85,Dale Rollins,M,USCGC Castro FPO AE 76600,dickersonscott@gmail.com,1986-05-22,sensitive,106
jamie86,Dana Marsh,F,"39574 Michael Grove Lake Andreamouth, TX 14240",andrew22@hotmail.com,1973-02-21,outgoing,107
williamnguyen,Richard Parker,M,"624 Kelly Square Apt. 131 Martinezfort, RI 36093",hallray@yahoo.com,1942-11-07,friendly,108
bjones,Chelsea Wagner,F,"623 Johnston Village Apt. 093 Janicemouth, FL 64079",hannahbaldwin@hotmail.com,1999-10-14,sensitive,109
justin69,Troy Smith,M,"125 Carl Cape East Tamaraburgh, CO 97238",stokesbrandi@hotmail.com,2015-09-12,organized,110
robert77,Brandy Smith,F,"19248 Hernandez Route Apt. 804 East Timothy, IA 37998",hamiltonwilliam@yahoo.com,2016-06-13,curious,111
robertjones,Suzanne Goodman,F,"792 Amber Gardens Carlsonmouth, AZ 24831",greeramanda@hotmail.com,1952-02-08,friendly,112
jessica06,Linda Simmons,F,"605 Felicia Land Brentbury, NV 31418",denise12@hotmail.com,1934-05-24,outgoing,113
doyletonya,Jodi Young,F,"86860 Laura Throughway North Dylan, MI 00774",veronicathomas@hotmail.com,1944-02-09,curious,114
andrew30,Rebecca Zimmerman,F,"509 Joseph Mall Suite 946 Lake Larry, NC 80282",kimberly75@hotmail.com,1907-01-21,outgoing,115
markvazquez,Megan Miles,F,"24095 Watkins Trafficway New Sarahchester, WI 26729",smithscott@yahoo.com,1905-05-15,organized,116
tina27,Katherine Rowland,F,"863 King Manor Robinsonberg, NC 79418",jose91@yahoo.com,2012-06-13,outgoing,117
vanessa14,Timothy Green,M,Unit 5334 Box 8888 DPO AE 26025,saramyers@yahoo.com,1992-09-22,organized,118
parkdaniel,Natasha Long,F,"60648 Ward Canyon Apt. 419 Royport, DE 70166",eortega@hotmail.com,1988-09-05,organized,119
henry49,Dr. Michael Dawson Jr.,M,"337 Ferguson Flats Debraland, NE 56895",ashleyrussell@yahoo.com,1920-04-01,friendly,120
josephwilliams,Todd Jackson,M,"662 Rios Isle Apt. 741 Lindsaychester, KY 46645",brownmarie@gmail.com,1935-12-14,curious,121
crawfordcaitlin,Kathryn Booker,F,USCGC Wood FPO AA 67235,turnerrichard@hotmail.com,1962-03-20,curious,122
jacqueline82,Sarah Hodges,F,"148 Sandoval Way Kelseyport, LA 98084",veleztiffany@yahoo.com,1991-12-20,organized,123
drew24,Ryan Moore,M,"98412 Crane Mountain West Catherineport, RI 65171",hjones@gmail.com,1952-09-13,curious,124
melissa88,Christopher Shaw,M,"245 Nelson Ports Stephanieport, VT 75512",mendezwilliam@yahoo.com,1969-10-26,organized,125
pnielsen,Peter Wheeler,M,"7366 Mary Forges Apt. 265 Greenberg, VT 24766",michael12@gmail.com,1923-10-12,outgoing,126
lauraholmes,Evelyn Williams,F,"26496 Bowers Orchard Suite 240 Christianchester, IL 58430",georgeboyd@hotmail.com,1937-02-04,curious,127
mcollins,Sarah Garrett,F,"328 Dakota Summit Port Shawn, RI 46874",samanthaharrell@gmail.com,1943-01-27,organized,128
jason55,Melanie Fox,F,"681 Martinez Expressway Apt. 621 Port Martinburgh, UT 91450",phillipsjames@hotmail.com,1941-09-01,organized,129
simmonsmatthew,Michael Castillo,M,"747 Cynthia Drive Suite 673 West Kellymouth, MN 43197",edwindavis@hotmail.com,1970-09-01,curious,130
elliotttiffany,Richard Rios,M,"358 Green Fork Apt. 429 West Brandon, CT 18329",ian31@gmail.com,1995-03-26,curious,131
deleonangel,Ashley Rogers DDS,F,"852 Kennedy Ford Port Kimberlytown, NH 85496",jennifermeyer@yahoo.com,1925-11-30,sensitive,132
scott61,Jessica Miller,F,"954 Stephen Bridge Suite 576 Carterside, HI 39216",travisleblanc@hotmail.com,1975-01-14,friendly,133
olivia44,Katrina Johnson,F,"85804 Murphy Ferry Edwardfort, LA 17497",gcalhoun@gmail.com,1997-11-18,organized,134
sherry44,Richard Munoz,M,"171 Morrison View Apt. 824 Kevintown, MO 72005",iandean@yahoo.com,1941-10-19,friendly,135
zrodgers,Jose Cohen,M,"0569 Adam Land Jacobview, AR 95091",jefferyarmstrong@gmail.com,1993-12-14,sensitive,136
michael91,Calvin Reynolds,M,"02662 Steven Unions Apt. 822 East Ninashire, FL 94261",trannathaniel@gmail.com,1969-12-27,curious,137
krystal04,Elizabeth Vazquez,F,"44928 Andrea Bypass Suite 287 Michellefort, ME 40875",johngarcia@gmail.com,1924-08-07,friendly,138
deborah49,Amanda Reynolds,F,"7979 Robinson Ports Johnsonville, MA 11838",vaughndavid@gmail.com,1996-10-27,sensitive,139
curtis72,Christian Smith,M,"22283 Thompson Drives Suite 600 Danielleton, IL 01290",shawn30@yahoo.com,1977-01-10,outgoing,140
jkirk,Amy Casey,F,"24387 Nicholas Spur Suite 757 Lake Michaelchester, OR 22163",jasonserrano@hotmail.com,1913-11-23,organized,141
sdunn,Ryan Alvarez,M,"3938 Chloe Canyon Suite 117 Wiseland, DE 06783",marc57@yahoo.com,1943-09-08,organized,142
matthewreilly,Garrett Brandt,M,"151 Davis Tunnel West Heather, RI 26507",tina56@gmail.com,1931-12-06,curious,143
rayscott,Julie Ward,F,Unit 0281 Box 5577 DPO AP 09839,amandaberry@gmail.com,1932-05-01,curious,144
dustincastillo,Pamela Galvan,F,"5719 Gomez Mountains Apt. 023 Zacharyburgh, WI 68569",marshallstephanie@yahoo.com,1966-06-14,friendly,145
johnsonsharon,Kimberly Vazquez,F,"373 Grimes Lodge Apt. 039 West Lisa, NV 89315",ychang@hotmail.com,1918-06-15,sensitive,146
davidhughes,Mr. Ivan Morales,M,"24572 Brian Passage Suite 597 Port Shaneville, IL 10737",thomas66@hotmail.com,2009-04-18,curious,147
david03,Wesley Frazier,M,"5062 Laura Rapid Suite 436 Lake Kelly, AR 21420",tknight@yahoo.com,1906-02-24,outgoing,148
urodriguez,Hector Doyle,M,"PSC 9000, Box 5164 APO AE 05913",xramos@hotmail.com,1948-01-23,outgoing,149
petersdebbie,Anna Smith,F,"9110 Danielle Inlet Suite 962 North Kristen, PA 71981",hwalker@gmail.com,1924-03-11,organized,150
murphydavid,Shannon Aguilar,F,"00434 Levine Street Suite 741 East David, NM 28810",xallen@yahoo.com,2005-03-13,curious,151
scottscott,Matthew Hawkins,M,"81043 Grant Springs Marshallland, NE 08145",amanda99@hotmail.com,1910-07-02,outgoing,152
adamsjohn,John Wells,M,"95484 Simpson Circles Grantburgh, CT 59723",alvarezmarcus@yahoo.com,1945-07-16,outgoing,153
owenssarah,Aaron Diaz,M,"5026 Kelly Glens Grantmouth, WI 79803",chambersamanda@yahoo.com,1971-02-28,outgoing,154
lindseyhudson,Martin Sullivan,M,"02817 Parker View South Adam, WA 40152",smallalexandra@yahoo.com,1973-11-19,curious,155
ashley51,Victoria Miller,F,"3549 Kimberly Stravenue Suite 625 New Tina, IA 52239",lydia68@hotmail.com,1996-03-27,organized,156
matthew46,Anna Smith MD,F,"PSC 8291, Box 6037 APO AA 31794",wolftracy@hotmail.com,1930-10-27,curious,157
twagner,Dr. Marcus Smith,M,"11508 Munoz Mews Apt. 941 Garciabury, FL 91972",dmorales@hotmail.com,1987-09-23,friendly,158
theresamoreno,David Shaw,M,"662 Lee Shore Suite 058 Port Raymondberg, HI 89119",devongutierrez@hotmail.com,1951-01-18,friendly,159
leachmaureen,Daniel Conner,M,"3621 Paul Lake Suite 281 North Williamland, CT 92626",juliegomez@hotmail.com,1935-10-31,outgoing,160
kevinray,Mark Kim,M,"941 Robin Divide Apt. 418 Lake Savannah, CA 73061",lcruz@yahoo.com,1965-12-12,curious,161
sanderson,Kimberly Blair,F,"711 Robin Plain Apt. 223 Hoodville, IL 61271",yalvarez@hotmail.com,2001-01-22,organized,162
amanda06,Ruben Lewis,M,"357 Mark Ranch Apt. 757 East Ginafort, MN 94479",williamsamber@hotmail.com,1906-05-11,organized,163
kevin99,Alejandra Brooks,F,"34008 Cindy Shoal Apt. 887 East Juantown, DC 35836",dnelson@gmail.com,1980-04-05,friendly,164
hutchinsonjason,Maria James,F,"9927 Ferguson Lights Suite 908 New Charles, AL 27504",mhill@gmail.com,1931-02-24,outgoing,165
cshannon,Ashley King,F,"0537 Tapia Rapid Suite 840 Rogersberg, NV 73981",williamstracy@hotmail.com,1950-01-08,sensitive,166
johnacosta,Vanessa Sellers,F,"951 Watson Flat Lake Danielleside, AL 44295",smithgreg@gmail.com,1982-02-14,friendly,167
scott82,April Anderson,F,"693 Galloway Court Apt. 358 Port Jamie, IN 40097",rleonard@yahoo.com,1918-12-07,organized,168
marc65,Christy Alvarez,F,"2490 Pacheco Walks Port Nicoleborough, OH 93293",swallace@yahoo.com,1953-03-06,friendly,169
russellbrooke,Frank Davis,M,"67890 Michelle Point North Melissahaven, CO 87699",pfox@gmail.com,1948-06-01,organized,170
orozcokimberly,Heather Ruiz,F,"3609 Wiggins Groves Port Brentmouth, NV 76967",uwhite@yahoo.com,1946-06-17,organized,171
sarah89,Alexander Christian,M,"509 Anna Center Suite 792 Martinchester, KS 91907",aelliott@yahoo.com,1935-12-25,outgoing,172
daviddavis,Jacqueline Roberts,F,Unit 2037 Box 9145 DPO AE 23867,johnferrell@hotmail.com,1915-10-03,curious,173
brandontran,Valerie Jones,F,"88067 Jennifer Summit Apt. 315 East Johnburgh, UT 74739",iarcher@gmail.com,1940-06-15,organized,174
brettweiss,Jennifer Strong,F,"561 Angela Fords Suite 720 Douglaschester, KS 59665",melissa82@yahoo.com,1918-07-16,sensitive,175
garciajessica,Crystal Solis,F,"577 Kelli Course Suite 917 Port Davidtown, MI 81436",robin16@yahoo.com,1928-08-30,outgoing,176
donnabishop,Karen Paul,F,"5568 Martin Pines West William, KS 73694",cynthia39@hotmail.com,1907-05-17,outgoing,177
clarkandrew,Christopher Reeves,M,"58798 Christy Fall North Jonathan, OK 28649",sanchezjohn@hotmail.com,1984-02-01,friendly,178
bconway,Crystal Atkinson,F,"PSC 8306, Box 0924 APO AA 59739",gilesmichele@yahoo.com,2012-09-30,curious,179
dharmon,Caroline Young,F,"633 Joseph Hill Robertport, FL 64083",eedwards@yahoo.com,1959-03-25,outgoing,180
sarahjackson,Stephanie Marshall,F,"665 Walker Neck New Audrey, DE 27692",robert63@gmail.com,2004-10-01,organized,181
tylersmith,Kevin Davis,M,"7325 Tyler Cove Apt. 413 West Christopher, RI 49939",lherring@yahoo.com,1994-09-04,friendly,182
brownjoshua,Melanie Ryan,F,"2070 Ramirez Via Suite 814 North Robertside, WY 39557",bweber@gmail.com,1957-08-08,organized,183
smithgary,Diane Jones,F,"69775 Henson Mountains Suite 994 East Kevinborough, CO 66813",martha89@gmail.com,1967-02-02,outgoing,184
dennis76,Wesley Vega,M,"72158 Craig Via Christopherberg, WV 96698",danielhale@hotmail.com,1948-06-21,organized,185
toddgarcia,Lucas Thompson,M,"615 Patty Port New Craig, NC 50433",eweaver@yahoo.com,2007-07-13,curious,186
steven93,Megan Mccarty,F,"97233 Kristen Fork Rachelmouth, LA 29554",krystalpage@yahoo.com,2018-05-05,curious,187
bmiller,Breanna Wilson,F,"308 Jonathan Mountains North Catherine, MA 84366",pammartinez@yahoo.com,2004-10-02,outgoing,188
melissapatel,Tyler Jones,M,"37575 Everett Hill New Mitchell, GA 36553",ajordan@hotmail.com,1975-04-03,friendly,189
jessicameyer,Michael Wright,M,Unit 3390 Box 4087 DPO AA 65337,morrisdaniel@gmail.com,1993-12-21,sensitive,190
christopher62,Cody Moore,M,"918 Kennedy Road Port Jenniferstad, WI 19601",eric35@gmail.com,1972-06-18,outgoing,191
angela64,Lance Lawrence,M,"7217 Anita Orchard New Joshua, WA 52627",ballcody@gmail.com,1955-05-24,friendly,192
darius85,Jonathan Fuller,M,"960 Brown Motorway Apt. 955 Jenkinsborough, KY 59520",wwhitehead@hotmail.com,1981-06-06,organized,193
kelleymary,Tyler Fleming,M,"PSC 3331, Box 4215 APO AP 94125",sharris@yahoo.com,2007-03-09,sensitive,194
stevelowery,Rachel Davis,F,"3905 Lauren Terrace New William, MN 86650",alex97@yahoo.com,1944-01-16,friendly,195
josephsteele,Michael Vincent,M,"704 Kathryn Garden Blacktown, KS 74497",gregorysteele@hotmail.com,1966-07-14,outgoing,196
teresaryan,Randy Farmer,M,USNV Horn FPO AP 15030,qchang@gmail.com,1921-12-01,friendly,197
walkertammy,Ana Esparza,F,"84335 Derek Isle North Matthewchester, ID 19267",jeffreybaker@yahoo.com,1916-04-22,sensitive,198
jason91,Breanna Francis,F,"97347 Billy Neck Apt. 379 East Johnview, HI 00784",stephanie65@gmail.com,1968-09-11,sensitive,199
stephaniejohnson,Kim Martin,F,"54966 Julia Spur Suite 375 West Tammyborough, MA 18421",nyoung@hotmail.com,1992-06-30,curious,200
crodriguez,Diana Ward,F,"82400 Lance Track Suite 664 Johnview, FL 75764",lpatterson@gmail.com,1972-02-17,friendly,201
james38,Stacy Nichols,F,"30800 Tommy Stravenue Suite 760 Andrestad, SC 83523",shelbyyoung@yahoo.com,1926-04-28,sensitive,202
palmereric,Debra Brooks,F,"780 David Views Apt. 644 Elizabethstad, OK 02136",rebeccareynolds@hotmail.com,1950-04-14,outgoing,203
katherinemorris,Jaclyn Wilson,F,"58614 Adams Locks New Cody, LA 42164",akoch@gmail.com,1998-10-23,curious,204
baldwinannette,Adam King,M,"PSC 0495, Box 6309 APO AP 88025",oowens@hotmail.com,1986-06-15,curious,205
hollowayjoshua,Ann Holland,F,Unit 9265 Box 8804 DPO AP 85649,paulstevens@yahoo.com,1990-06-12,friendly,206
padilladonna,Jennifer Davis,F,"851 Davenport Avenue Apt. 353 Keithborough, UT 44310",fvalentine@gmail.com,1981-09-06,organized,207
hoganjared,Wendy Green,F,"04334 Blackburn Meadow Robertfort, RI 32015",branchkayla@hotmail.com,1949-10-30,friendly,208
smithsara,Dr. Chelsea Taylor,F,"29451 Porter Cliffs Suite 175 North Jeremy, OK 84259",crichardson@yahoo.com,1989-03-26,organized,209
tiffany73,Tabitha Stout,F,"4271 Jennifer Plaza Apt. 762 Port Richardborough, DC 65252",hectorblack@hotmail.com,1955-12-20,outgoing,210
heather56,Mrs. Madeline Roman,F,USNS Small FPO AE 71427,williamsjoshua@yahoo.com,1945-07-09,friendly,211
zfrank,Marie Elliott,F,"454 Scott Roads Apt. 702 Kaiserville, IA 15938",christopherrichardson@yahoo.com,1908-04-26,curious,212
campbellnicole,Eric Perez,M,"4065 Green Mount Evanstown, OH 79725",abailey@yahoo.com,1946-03-15,friendly,213
andrea94,Jared Johnson,M,"61449 Joyce Lights North David, CT 64384",blackwelllauren@gmail.com,1997-02-14,sensitive,214
jill79,Ruben Smith,M,"340 Willie Plaza East Williamtown, NY 13245",pwright@gmail.com,1938-05-25,sensitive,215
brobbins,Karen Randall,F,"4097 Paul Radial Suite 461 Stevenport, IN 75897",sgates@yahoo.com,1991-04-08,sensitive,216
lindsay77,Jesus Kelly,M,"343 Jennifer Squares Suite 609 New Joshua, NC 00637",tscott@hotmail.com,1981-09-19,organized,217
adrian54,Kevin Mitchell,M,"47674 Lisa Inlet Suite 433 East Steven, AL 60727",palmeramanda@hotmail.com,2001-12-08,organized,218
kdominguez,Michael Price,M,"017 Wilson Land Apt. 152 South Deanna, CA 24393",natashahunter@hotmail.com,1927-01-24,friendly,219
mruiz,Nicole Gilbert,F,"9725 Toni Spur Clarkberg, WA 78114",jsanders@yahoo.com,1930-06-04,sensitive,220
smartinez,Derrick Johnson,M,"0266 Guzman Viaduct Changton, NY 15030",sabrina16@gmail.com,1921-01-04,sensitive,221
monica51,Kimberly Evans,F,"2565 Singleton Port Smithbury, WI 60744",hunterchristine@gmail.com,1963-09-16,organized,222
bethpeck,Jeffery Patterson,M,"681 Monroe Harbors North Emilyside, IA 24793",nelsonkaitlyn@gmail.com,2012-11-06,organized,223
shawn64,Mr. Thomas Bennett,M,"780 Kimberly Mill Suite 529 Erinport, RI 98844",qgreen@yahoo.com,1985-06-01,outgoing,224
btaylor,Marcus Schneider,M,"14531 Robert Mall Jimenezchester, DC 03532",stephensonerica@hotmail.com,1906-04-10,organized,225
richardscarlos,Andrew Wright,M,"32267 Young Mews Apt. 866 Cassandrafort, WA 11334",hmartin@yahoo.com,1998-08-20,curious,226
grantgerald,Lindsay Rich,F,"8593 Ross Causeway North Michaelmouth, MI 41286",albert46@hotmail.com,1905-08-19,curious,227
gsanders,Mrs. Sarah Owens,F,"87221 Joshua Union Apt. 104 Ingramview, UT 69570",kathrynmay@gmail.com,1932-03-19,curious,228
richard06,Andrew Pittman,M,"39590 Adams Knoll New Amandaport, DE 15111",vvargas@yahoo.com,1916-11-25,sensitive,229
elizabethmcguire,Allen Salinas,M,"83386 Jenkins Mills Aguirreborough, AL 90675",kathy34@gmail.com,1920-04-19,curious,230
huberrebecca,Michele Glover,F,"579 Nguyen Throughway Suite 169 North Toddmouth, CO 13602",brookereed@hotmail.com,1975-11-05,outgoing,231
kmerritt,Cody Mccormick,M,"608 Luis Street Apt. 699 Kennethberg, FL 03972",masseykristin@yahoo.com,1923-06-24,sensitive,232
kristen47,Linda Hurst,F,"1195 Jones Parkways Apt. 166 Lake Thomashaven, CA 00764",sandranichols@gmail.com,1938-03-05,outgoing,233
gatesjesse,Mark Morrison,M,"39377 Jose Orchard Nunezside, LA 13033",alexiswilson@yahoo.com,1962-07-29,friendly,234
sheltonallison,Teresa Michael,F,"6481 Molly Junctions Lake Christianmouth, VT 99015",thomasmullins@yahoo.com,1961-12-20,curious,235
alan78,Stuart Sawyer,M,"635 Mitchell Cove Timothyfurt, NH 40466",wallermarcus@yahoo.com,1929-05-31,friendly,236
sstrong,Thomas Dillon,M,"203 Sean Meadows Apt. 515 Deborahchester, NH 92272",timothycoleman@gmail.com,1954-01-01,curious,237
kcompton,Crystal Li,F,"10482 Lopez Lane Apt. 526 Tannermouth, TX 99664",oscarrios@gmail.com,1943-08-15,curious,238
icarpenter,Ashley Hall,F,"189 Elliott Fall Apt. 321 Floresview, NJ 50051",ramirezchristine@gmail.com,1979-05-08,organized,239
roachemma,Rachel Harmon,F,"597 Miller Pine Suite 890 West Alexandra, NC 26038",jeffreymills@yahoo.com,1915-10-27,curious,240
andersonjulie,Ronald Smith DDS,M,"347 Christina View Lake William, WV 66907",frank43@gmail.com,1919-12-02,sensitive,241
johnsonshari,Joshua Bowman,M,"7340 Cheyenne River Lake Theresaburgh, TN 83858",emartin@hotmail.com,1989-05-28,friendly,242
loveanthony,Jason Dickson,M,"65569 Ann Locks Franciscoburgh, MA 32852",stephaniegutierrez@gmail.com,1952-11-04,curious,243
erin22,Gary Delacruz,M,"332 King Freeway New James, RI 43543",cdean@gmail.com,1917-08-09,curious,244
matthewnichols,Roger Zimmerman,M,"67779 Graham Mount South Jason, KS 12028",deanna62@yahoo.com,2001-05-03,outgoing,245
gknight,Brian Cervantes,M,"40374 Roberts Key Lehaven, RI 21507",waynemaxwell@hotmail.com,1939-02-15,organized,246
barbara91,Ethan Moreno,M,"07207 Jones Course East Erin, WA 31907",swansonjenny@yahoo.com,1994-03-20,organized,247
qbentley,Mr. Joseph Johnson,M,"1135 Shaffer Squares Apt. 744 West Ryanfurt, AZ 76186",michelle74@hotmail.com,1915-10-09,outgoing,248
asellers,Alejandro Brooks,M,"6611 Crawford Well Suite 182 New Ryanbury, WI 65158",smithcorey@hotmail.com,1980-07-24,sensitive,249
hollowayheather,Mr. Patrick Day II,M,"1464 Stone Plains Suite 500 West Micheleville, MD 57139",hermanstephanie@gmail.com,2004-11-04,friendly,250
zbarnes,Jacob Gomez,M,"0771 Joy Run Lanefort, WI 66191",ericlucas@gmail.com,1946-06-07,organized,251
sgreen,Jennifer Williams,F,"13704 Thomas Road Yatesbury, AK 30287",tammy22@hotmail.com,1996-08-24,organized,252
ribarra,Katherine Johnson,F,"PSC 9612, Box 5334 APO AE 70256",robertfarmer@hotmail.com,1911-03-21,sensitive,253
curtiswhitaker,Caitlyn Williamson,F,"31887 Rita Unions Suite 536 North Samuelberg, AR 12294",salazartammy@yahoo.com,2014-03-24,outgoing,254
james80,Danny Washington,M,"PSC 4864, Box 3847 APO AA 32199",arroyocarolyn@yahoo.com,1976-01-31,friendly,255
lowen,Susan Beasley,F,USNS Graham FPO AA 28532,russell75@gmail.com,1934-10-29,friendly,256
gregory36,Kevin Campbell,M,"65966 Harris Square Hardyburgh, NE 34207",johnny30@gmail.com,1961-06-23,friendly,257
chorne,Kristen Guerra,F,"367 Henderson Knolls Suite 874 New David, DE 71020",shanemorris@gmail.com,2001-03-26,friendly,258
ayalamark,Linda Bradley,F,"009 Joseph Lock New Brooke, OR 11579",priscilla58@hotmail.com,1994-11-08,outgoing,259
timothyhoward,Jennifer Dominguez,F,"798 Mackenzie Drive Apt. 901 Hopkinschester, MD 68457",james49@gmail.com,2018-06-05,organized,260
ymolina,Jesus Dennis,M,"716 Billy Curve Suite 909 Oneillview, NJ 76684",kevincasey@hotmail.com,1961-07-14,outgoing,261
jonathanmccann,Jason Buchanan,M,"4153 Sheila Harbors Apt. 304 Youngmouth, KY 81939",buckfred@gmail.com,1921-03-18,sensitive,262
bethany77,Eric Jimenez,M,USNV Martinez FPO AA 17695,zsmith@yahoo.com,1992-08-09,outgoing,263
qelliott,Douglas Shah,M,USNS Hall FPO AE 26892,rebeccachristensen@gmail.com,1982-05-12,outgoing,264
alvarezlance,Brenda Eaton,F,"65032 Walter Streets Wangberg, CA 16196",daniellecummings@hotmail.com,2007-09-28,curious,265
andradewilliam,Sarah Blake,F,Unit 7046 Box 9426 DPO AE 75115,averymaurice@yahoo.com,1938-09-14,curious,266
ljenkins,Daniel Martinez,M,"784 Stewart Turnpike Suite 459 Boydchester, NE 91794",zmeza@hotmail.com,1971-11-23,sensitive,267
wilcoxricardo,Michael Richards,M,"071 Jeffrey Trafficway West Tiffany, WV 87956",richard61@gmail.com,2002-07-18,organized,268
aperkins,Dawn Williams,F,"95522 Bryant Flat Andersonville, ND 83937",aaronsmith@gmail.com,2013-08-05,curious,269
scottjohnson,Cassandra Houston,F,Unit 5904 Box 6259 DPO AE 39394,timothyquinn@hotmail.com,1941-09-30,outgoing,270
tyleraustin,Aaron Castillo,M,Unit 7524 Box 5086 DPO AA 32798,diane63@gmail.com,1969-11-30,sensitive,271
carneykimberly,Mark Harris,M,"1856 Malone Turnpike Apt. 725 Port Angela, LA 32991",lisa44@gmail.com,1999-11-14,sensitive,272
russellquinn,Barbara Alvarez,F,"8869 Chapman Motorway South Angela, GA 79137",michelle61@hotmail.com,1920-10-27,friendly,273
veronica15,Tiffany Edwards,F,"30722 Simpson Causeway Moranport, OR 04865",rbarker@gmail.com,2004-03-22,outgoing,274
frederick94,Sarah Conrad,F,"7588 Young Overpass Apt. 976 Annashire, IL 15800",thomasmichelle@yahoo.com,1921-01-18,sensitive,275
jgay,Bradley Phillips,M,"2165 Garrett Key Suite 913 Douglasbury, TX 85206",robert13@gmail.com,1915-02-08,organized,276
pauljeremy,Danielle White,F,"69545 Alicia Bridge Suite 469 West Dominiquechester, LA 72331",hlewis@gmail.com,1990-07-30,organized,277
michael81,Michelle Holland,F,"205 Jennifer Bridge Sandraside, PA 66360",ginalove@yahoo.com,1916-02-08,curious,278
uwilson,John Ortiz,M,"6530 Jared Motorway Suite 823 North Tonyastad, ID 77528",mackjason@hotmail.com,2011-05-16,curious,279
mariahthompson,Michelle Castro,F,"970 Paul Cliff West Deborahbury, CT 14101",ncole@gmail.com,1922-07-17,outgoing,280
nfrank,Christopher Keith,M,"969 Gilmore Crossroad Michaelville, LA 67592",elizabethadams@gmail.com,1914-10-15,sensitive,281
qhoffman,John Torres,M,"472 Armstrong Center Timothychester, NJ 97844",andradejulie@hotmail.com,1974-09-18,friendly,282
lori93,Timothy Morris,M,"318 Wendy Land East Johnnyshire, VA 69184",bettycampbell@yahoo.com,2001-07-17,outgoing,283
sanchezelizabeth,Carl Turner,M,"4466 Andrea Villages Donnaborough, ND 20359",lwilson@gmail.com,2000-02-28,outgoing,284
charleswiley,Kevin Schmitt,M,"2328 Patrick Walks New Jerryview, PA 24482",timothyherrera@gmail.com,1961-05-25,outgoing,285
mariajenkins,Jesse Waller,M,"1434 Myers Mount Georgeview, NM 90539",mthomas@yahoo.com,1990-11-02,friendly,286
fshepard,Kevin Rose,M,"33538 Kimberly Fords West Todd, MO 25586",ericawilliams@yahoo.com,1913-05-23,organized,287
pmartin,Melissa Thompson,F,"60239 Hays Way Lake Vincentland, TN 78358",jennifer74@hotmail.com,2020-10-25,outgoing,288
tyrone51,Emily Brown,F,USCGC Aguilar FPO AP 20183,scottgonzalez@yahoo.com,2000-09-01,curious,289
cummingsmichael,Christine Oliver,F,"5720 Cynthia Underpass Shawbury, AK 19545",austinjohnson@gmail.com,1937-01-11,sensitive,290
trivera,Sarah Wilson,F,Unit 2093 Box 2532 DPO AE 25923,jeremy23@hotmail.com,2018-06-20,organized,291
barbara04,Tammy Lopez,F,"0331 Campbell Coves Apt. 620 Lake Samanthaborough, MO 79945",robinsonamanda@gmail.com,1976-06-28,sensitive,292
julie34,Stephen Lucero,M,"2574 Lucas Burg Suite 484 Lake Joshua, HI 72923",kristin36@hotmail.com,1931-10-06,curious,293
jessica29,Dylan Woods Jr.,M,"924 Joseph View Suite 019 West Molly, CO 99142",brooke15@yahoo.com,1965-12-16,sensitive,294
bmartinez,Madison Tucker,F,"3530 Andrews Stream Hawkinsshire, RI 04256",thomas36@gmail.com,1989-09-07,friendly,295
tateerin,Haley Boyd,F,"8512 Griffith Road Miguelview, RI 30698",michellegarcia@yahoo.com,1951-12-17,friendly,296
matthew08,Bradley Gonzales,M,"89105 Abigail Station Suite 406 Jasmineville, VA 05481",bartlettmichael@gmail.com,1969-12-23,outgoing,297
lgonzales,David Daniels,M,"78709 Sandra Mall Apt. 110 Morrisonhaven, SD 67625",yross@hotmail.com,1943-10-21,curious,298
joshua59,Kelsey Khan,F,"9897 Banks Radial Apt. 566 Mariamouth, DE 45391",beverly03@gmail.com,1938-10-21,curious,299
